Feature,Weight
wg,73.97301237957477
we,10.0
wpx,-3000.0
wex,10.0
wwx,755.4801245636561
