Feature,Weight
wg,-13.752811587247907
we,5097.715554567834
wpx,-5000.0
wex,35.23610311594228
wwx,476.9433543321934
