Feature,Weight
wg,75.62057423214885
we,4007.597945498786
wpx,-5000.0
wex,-9.910641115529142
wwx,1073.949870875214
