Feature,Weight
wg,73.58422213613972
we,4021.5649019694456
wpx,-5000.0
wex,-7.999318927741132
wwx,1044.8228136146454
