Feature,Weight
wg,116.15746135731297
we,7014.547829365182
wpx,-5000.0
wex,-2.8609661463354983
wwx,940.471370777334
